Format is tab separated raft settings.
_Name                          	Value
WindowPosition	700+0
Open File for Raft	
Activate Raft	True
Add Raft, Elevate Nozzle, Orbit:	True
Base Feed Rate Multiplier (ratio):	1.0
Base Flow Rate Multiplier (ratio):	1.0
Base Infill Density (ratio):	0.5
Base Layer Thickness over Layer Thickness:	1.0
Base Layers (integer):	0
Base Nozzle Lift over Base Layer Thickness (ratio):	0.4
Initial Circling:	False
Infill Overhang over Extrusion Width (ratio):	0.05
Interface Feed Rate Multiplier (ratio):	1.0
Interface Flow Rate Multiplier (ratio):	1.0
Interface Infill Density (ratio):	0.2
Interface Layer Thickness over Layer Thickness:	1.0
Interface Layers (integer):	0
Interface Nozzle Lift over Interface Layer Thickness (ratio):	0.45
Name of Support End File:	support_end.gcode
Name of Support Start File:	support_start.gcode
Operating Nozzle Lift over Layer Thickness (ratio):	0.5
Raft Additional Margin over Length (%):	1.0
Raft Margin (mm):	3.0
Support Cross Hatch	True
Support Flow Rate over Operating Flow Rate (ratio):	0.85
Support Gap over Perimeter Extrusion Width (ratio):	1.0
None	False
Empty Layers Only	False
Everywhere	True
Exterior Only	False
Support Minimum Angle (degrees):	46.0
